measure,location,sex,age,cause,metric,year,val,upper,lower
Deaths,Global,Both,All ages,Malaria,Number,1980,638005.3059547453,1319927.4481369734,326109.61229086074
Deaths,Global,Both,All ages,Dengue,Number,1980,12205.376645207049,19766.1592485462,7545.510267641597
Deaths,Global,Both,All ages,Yellow fever,Number,1980,13476.508176742256,28615.689769020413,5201.18114114199
Deaths,Global,Both,All ages,Rabies,Number,1980,21813.042707498185,29037.555906542144,15238.215286920651
Deaths,Global,Both,All ages,Tuberculosis,Number,1980,1824812.0966995175,2106084.578919842,1498207.2285454476
Deaths,Global,Both,All ages,Typhoid fever,Number,1980,221368.55403863415,382200.8213896844,108053.01350785208
Deaths,Global,Both,All ages,Meningitis,Number,1980,436917.4957008234,500408.26113061554,383943.60246215574
Deaths,Global,Both,All ages,Diphtheria,Number,1980,56303.44447456538,77495.25996187823,41242.18478161912
Deaths,Global,Both,All ages,Tetanus,Number,1980,513629.5352423805,733172.2965970439,354922.7866018767
Deaths,Global,Both,All ages,Cervical cancer,Number,1980,199543.82968347296,224433.72790369517,182793.4626712835
Deaths,Global,Both,All ages,Measles,Number,1980,810389.9576066779,1637436.9361540757,303057.64996976213
Deaths,Global,Both,All ages,Acute hepatitis B,Number,1980,56830.36412022013,82595.19071640715,31380.634170539368
Deaths,Global,Both,All ages,Cervical cancer,Number,1981,200683.3716487007,224095.47852448837,182781.05548735792
Deaths,Global,Both,All ages,Tuberculosis,Number,1981,1820758.054624,2091584.7813224082,1499616.3824539508
Deaths,Global,Both,All ages,Typhoid fever,Number,1981,216606.75991944206,370879.35565165937,105264.67263006906
Deaths,Global,Both,All ages,Meningitis,Number,1981,436419.0073737135,500984.688545077,383034.4924199635
Deaths,Global,Both,All ages,Diphtheria,Number,1981,55483.11111501192,75310.7054878954,41449.25634555928
Deaths,Global,Both,All ages,Tetanus,Number,1981,496470.6991876056,707352.0678762193,335452.466973973
Deaths,Global,Both,All ages,Measles,Number,1981,806554.9312184869,1606359.718061848,301304.85551839333
Deaths,Global,Both,All ages,Acute hepatitis B,Number,1981,56285.11122187637,80611.24212363985,31691.719726986586
Deaths,Global,Both,All ages,Tuberculosis,Number,1983,1813259.1858485548,2083214.082995105,1502777.7218274993
Deaths,Global,Both,All ages,Typhoid fever,Number,1983,210105.99087363912,359571.6688361348,103734.8095388367
Deaths,Global,Both,All ages,Meningitis,Number,1983,429502.367184788,494050.0853015422,376842.2606503665
Deaths,Global,Both,All ages,Diphtheria,Number,1983,52301.09106166094,70133.38251641445,38703.41264765993
Deaths,Global,Both,All ages,Tetanus,Number,1983,450204.42025590205,644552.4554986131,303903.0345394367
Deaths,Global,Both,All ages,Malaria,Number,1981,650565.1267475706,1461006.9230672552,299963.7795638616
Deaths,Global,Both,All ages,Dengue,Number,1981,12362.906676510882,19910.078049668227,7865.226493560216
Deaths,Global,Both,All ages,Yellow fever,Number,1981,13345.625713744525,28418.020783385713,5153.903832316385
Deaths,Global,Both,All ages,Rabies,Number,1981,21902.27457406836,29309.331147705638,15418.171003493893
Deaths,Global,Both,All ages,Tuberculosis,Number,1985,1813453.1407690514,2068372.835453926,1521336.3511571884
Deaths,Global,Both,All ages,Typhoid fever,Number,1985,204219.13704327104,345336.81536680844,98562.44049717275
Deaths,Global,Both,All ages,Meningitis,Number,1985,427554.5820053687,491965.5112661714,377388.09200453525
Deaths,Global,Both,All ages,Diphtheria,Number,1985,46413.762300300834,61380.396584300775,34825.59429069546
Deaths,Global,Both,All ages,Tetanus,Number,1985,389324.8276464915,547320.4785043331,259022.8081244925
Deaths,Global,Both,All ages,Measles,Number,1983,788446.3334147262,1576068.7667695393,288408.63467030355
Deaths,Global,Both,All ages,Acute hepatitis B,Number,1983,54835.78476477817,77984.8276756691,32614.231262307254
Deaths,Global,Both,All ages,Malaria,Number,1985,683514.3018511863,1417228.9152130052,321692.94686829136
Deaths,Global,Both,All ages,Dengue,Number,1985,13137.053585824862,19386.022004163737,9039.448855822804
Deaths,Global,Both,All ages,Yellow fever,Number,1985,12439.403712733105,26141.339810456142,4711.59911618912
Deaths,Global,Both,All ages,Rabies,Number,1985,22083.799999350013,28885.204109182992,15733.75132799089
Deaths,Global,Both,All ages,Measles,Number,1985,766262.338577825,1519618.5856050535,277796.4568869199
Deaths,Global,Both,All ages,Cervical cancer,Number,1985,204984.48036827057,228502.87209594186,189300.5990883922
Deaths,Global,Both,All ages,Acute hepatitis B,Number,1985,53757.609988582924,74298.90383448779,32833.961077258136
Deaths,Global,Both,All ages,Cervical cancer,Number,1983,202191.04295433193,226428.11967499283,186098.65031948267
Deaths,Global,Both,All ages,Malaria,Number,1983,665465.4690528495,1429759.6649235776,307853.86032983166
Deaths,Global,Both,All ages,Dengue,Number,1983,12684.456088855042,19686.084131718377,8410.945248092585
Deaths,Global,Both,All ages,Yellow fever,Number,1983,13391.58431401779,29400.462753317526,5214.830354941775
Deaths,Global,Both,All ages,Rabies,Number,1983,22035.94664835382,29075.48886493312,15434.443553093597
Deaths,Global,Both,All ages,Tuberculosis,Number,1984,1814630.7689294517,2077596.0747351598,1504254.31170269
Deaths,Global,Both,All ages,Typhoid fever,Number,1984,206961.34824074496,355571.9881376909,100286.19157254475
Deaths,Global,Both,All ages,Meningitis,Number,1984,434541.8471221021,496725.7831458302,381632.9510086109
Deaths,Global,Both,All ages,Diphtheria,Number,1984,50135.78969669654,68364.11287308559,37092.285460601284
Deaths,Global,Both,All ages,Tetanus,Number,1984,423284.1690741255,603666.1428770794,282719.64011440176
Deaths,Global,Both,All ages,Cervical cancer,Number,1982,200290.95358917804,222749.71446407496,183332.7053049282
Deaths,Global,Both,All ages,Measles,Number,1984,780816.2512829035,1520839.714824455,284372.75298528734
Deaths,Global,Both,All ages,Cervical cancer,Number,1984,203671.2706500471,225116.10691371452,188321.4846404362
Deaths,Global,Both,All ages,Acute hepatitis B,Number,1984,54264.56911575393,75322.95784205814,33343.95270635296
Deaths,Global,Both,All ages,Malaria,Number,1982,657220.4112694514,1428083.4729609785,315219.04043899704
Deaths,Global,Both,All ages,Dengue,Number,1982,12537.55466875996,19895.32723048536,8189.915911073476
Deaths,Global,Both,All ages,Yellow fever,Number,1982,13102.629548923866,28658.695489909132,5216.235787481963
Deaths,Global,Both,All ages,Rabies,Number,1982,22077.266283799152,28825.48495388071,15429.581199975866
Deaths,Global,Both,All ages,Cervical cancer,Number,1986,204861.1590616273,224983.21749404134,190008.47685401322
Deaths,Global,Both,All ages,Cervical cancer,Number,1988,208724.06668003538,227387.98182010613,192842.63333932814
Deaths,Global,Both,All ages,Acute hepatitis B,Number,1982,55496.00474845504,78913.99345335661,31998.949594042384
Deaths,Global,Both,All ages,Malaria,Number,1984,671645.363641247,1420892.6581894534,313892.2423641525
Deaths,Global,Both,All ages,Dengue,Number,1984,12950.54029254143,19496.838856669245,8805.016527070276
Deaths,Global,Both,All ages,Yellow fever,Number,1984,12676.60942937209,26666.34547553682,4954.300226417837
Deaths,Global,Both,All ages,Rabies,Number,1984,22139.85686275287,28777.33901735844,15731.285633030879
Deaths,Global,Both,All ages,Acute hepatitis B,Number,1986,53174.730663812916,72476.04700482152,33679.16327683962
Deaths,Global,Both,All ages,Acute hepatitis B,Number,1988,52280.863226078734,69097.23362725179,34823.42941631938
Deaths,Global,Both,All ages,Malaria,Number,1988,711845.111294349,1460818.3132969786,344085.772435993
Deaths,Global,Both,All ages,Dengue,Number,1988,13838.916904724514,19081.33324586322,10346.073967597205
Deaths,Global,Both,All ages,Yellow fever,Number,1988,15871.737218804426,32911.906099196865,6252.517691230273
Deaths,Global,Both,All ages,Rabies,Number,1988,22036.255930083855,28538.86470746535,15625.094349911657
Deaths,Global,Both,All ages,Malaria,Number,1986,693653.618288765,1374128.785650553,323590.7399423198
Deaths,Global,Both,All ages,Dengue,Number,1986,13391.558731874764,19518.161469027014,9482.916230200632
Deaths,Global,Both,All ages,Yellow fever,Number,1986,14124.022555348456,30862.223561680355,5330.410094574554
Deaths,Global,Both,All ages,Rabies,Number,1986,22019.433188945062,28714.16577445606,15657.074759116656
Deaths,Global,Both,All ages,Acute hepatitis B,Number,1990,51854.025861517366,68169.06832455249,36311.82304327101
Deaths,Global,Both,All ages,Cervical cancer,Number,1990,211483.7948125432,229841.00742503005,195724.26553170496
Deaths,Global,Both,All ages,Cervical cancer,Number,1992,214973.89161967227,231113.30994744605,199451.669468851
Deaths,Global,Both,All ages,Cervical cancer,Number,1994,218111.76391032455,234298.44147521266,205217.2216878585
Deaths,Global,Both,All ages,Cervical cancer,Number,1989,210939.8408673456,229883.65949475387,194992.4344845373
Deaths,Global,Both,All ages,Tuberculosis,Number,1997,1764093.8458726539,1931734.494230533,1572174.6077235686
Deaths,Global,Both,All ages,Typhoid fever,Number,1997,178843.13522166348,302246.16492581565,85782.5385026161
Deaths,Global,Both,All ages,Meningitis,Number,1997,402697.09065266914,460822.0063245996,352501.2869753136
Deaths,Global,Both,All ages,Diphtheria,Number,1997,17186.119488073375,23753.75684051203,12540.495333377628
Deaths,Global,Both,All ages,Tetanus,Number,1997,116385.29158437566,151489.58374177685,68937.0334564825
Deaths,Global,Both,All ages,Malaria,Number,1992,751506.8047827826,1442219.0846546523,363086.0924731327
Deaths,Global,Both,All ages,Dengue,Number,1992,14828.036443323548,18567.20288611936,11771.994036951572
Deaths,Global,Both,All ages,Yellow fever,Number,1992,11243.276330499548,24515.805194046956,4198.684071189889
Deaths,Global,Both,All ages,Rabies,Number,1992,21865.92890988028,28275.911800527534,15760.125764184337
Deaths,Global,Both,All ages,Measles,Number,1997,592245.225440785,1209383.9137294497,216175.07114879254
Deaths,Global,Both,All ages,Acute hepatitis B,Number,1989,52212.22724136845,69400.42692756809,35014.62004588633
Deaths,Global,Both,All ages,Malaria,Number,1990,721187.27816681,1469089.155322888,352371.10784576036
Deaths,Global,Both,All ages,Dengue,Number,1990,14315.028001851146,18652.238279051406,11102.713624418666
Deaths,Global,Both,All ages,Yellow fever,Number,1990,14544.854709232817,31068.91451970539,5727.372283703429
Deaths,Global,Both,All ages,Rabies,Number,1990,21806.114997557295,28434.86155861005,15577.30487661185
Deaths,Global,Both,All ages,Acute hepatitis B,Number,1992,51964.883743187675,67476.08316396382,37565.86858410035
Deaths,Global,Both,All ages,Tuberculosis,Number,1982,1804068.608174293,2093142.829199346,1485872.3807132293
Deaths,Global,Both,All ages,Typhoid fever,Number,1982,214491.88908862387,367403.12490286434,104285.78022361067
Deaths,Global,Both,All ages,Meningitis,Number,1982,433128.0408422712,499781.1386429125,381614.393306723
Deaths,Global,Both,All ages,Diphtheria,Number,1982,53859.236372596715,73935.11313691754,39236.06557332926
Deaths,Global,Both,All ages,Tetanus,Number,1982,474846.5033092151,677719.7657910314,320492.31485120195
Deaths,Global,Both,All ages,Cervical cancer,Number,1987,207082.80481737686,225805.4249283577,191867.62537783253
Deaths,Global,Both,All ages,Acute hepatitis B,Number,1994,51912.72293494681,66335.91298176895,38606.404047525604
Deaths,Global,Both,All ages,Malaria,Number,1994,765749.8930483352,1479216.413004125,374819.6138467549
Deaths,Global,Both,All ages,Dengue,Number,1994,15329.787135806757,18478.31648657977,12526.990390926823
Deaths,Global,Both,All ages,Yellow fever,Number,1994,11251.615441533913,24220.82676488554,4256.850917933901
Deaths,Global,Both,All ages,Rabies,Number,1994,21825.19189271734,28452.24672167817,15571.399783458575
Deaths,Global,Both,All ages,Cervical cancer,Number,1997,221778.20001962708,237941.4872368769,207876.33222965722
Deaths,Global,Both,All ages,Cervical cancer,Number,1991,212239.1618041756,229239.46884294774,197960.29954819847
Deaths,Global,Both,All ages,Acute hepatitis B,Number,1997,51760.016919189555,65850.88504409352,39987.88793008144
Deaths,Global,Both,All ages,Acute hepatitis B,Number,1991,52051.08490641106,67853.82849212435,36536.30365282754
Deaths,Global,Both,All ages,Malaria,Number,1991,742517.0117651136,1492345.7682031025,360756.07874539925
Deaths,Global,Both,All ages,Dengue,Number,1991,14843.40296713999,18917.344607339044,11637.220236811125
Deaths,Global,Both,All ages,Yellow fever,Number,1991,12658.819101334017,27405.524065021913,5063.979750085821
Deaths,Global,Both,All ages,Rabies,Number,1991,21746.230616223933,28209.502319022962,15430.824683057606
Deaths,Global,Both,All ages,Tuberculosis,Number,1986,1793537.9858957839,2027596.2070589308,1503727.0304815788
Deaths,Global,Both,All ages,Typhoid fever,Number,1986,201929.89480031718,342740.7523840235,97898.52360678595
Deaths,Global,Both,All ages,Meningitis,Number,1986,426372.3130259985,490534.574432603,375930.9589820552
Deaths,Global,Both,All ages,Diphtheria,Number,1986,42335.32441651401,57298.40132293579,31944.23482520273
Deaths,Global,Both,All ages,Tetanus,Number,1986,351541.28071768733,490095.9851750137,229876.15866933737
Deaths,Global,Both,All ages,Cervical cancer,Number,1995,219051.75116398433,233226.9551418164,205849.8670654279
Deaths,Global,Both,All ages,Acute hepatitis B,Number,1987,52780.8807894249,70728.05110458026,34644.84609023557
Deaths,Global,Both,All ages,Malaria,Number,1987,702167.5485999029,1404607.0117204653,333646.5478777918
Deaths,Global,Both,All ages,Dengue,Number,1987,13669.520166486214,19361.86527873182,9884.586863423172
Deaths,Global,Both,All ages,Yellow fever,Number,1987,13914.289533252693,29739.35945762877,5329.171163901998
Deaths,Global,Both,All ages,Rabies,Number,1987,22053.384541234507,29028.54936364142,15562.821371372733
Deaths,Global,Both,All ages,Malaria,Number,1997,819461.026637441,1486962.3740366297,407105.61712672474
Deaths,Global,Both,All ages,Dengue,Number,1997,16344.623734077897,19412.63413410535,13564.103994996836
Deaths,Global,Both,All ages,Yellow fever,Number,1997,10214.396221145686,22418.578723968883,3993.476430979712
Deaths,Global,Both,All ages,Rabies,Number,1997,20933.17387854351,27004.10452113698,14914.977881830773
Deaths,Global,Both,All ages,Tuberculosis,Number,1988,1788411.9987811388,2015318.4546735086,1528118.4633093756
Deaths,Global,Both,All ages,Typhoid fever,Number,1988,195273.85033974034,335056.7541606379,97458.36546106916
Deaths,Global,Both,All ages,Meningitis,Number,1988,424895.43954813207,488148.5902025111,376002.2190756483
Deaths,Global,Both,All ages,Diphtheria,Number,1988,33421.299774429615,44669.54064068357,25246.762011870313
Deaths,Global,Both,All ages,Tetanus,Number,1988,274034.00670012,366460.27046354127,170220.75208991033
Deaths,Global,Both,All ages,Malaria,Number,1989,713400.5583986441,1426418.5137430688,342755.13690053276
Deaths,Global,Both,All ages,Dengue,Number,1989,14333.547275669334,19209.919176399413,10844.19181045028
Deaths,Global,Both,All ages,Yellow fever,Number,1989,13759.698399186005,29554.325471337936,5404.567538720806
Deaths,Global,Both,All ages,Rabies,Number,1989,21992.989665149915,28490.506184845068,15566.59684983768
Deaths,Global,Both,All ages,Cervical cancer,Number,1998,223110.46854354494,237526.91428288652,209865.58821520107
Deaths,Global,Both,All ages,Cervical cancer,Number,2000,225598.75774128022,238952.9060671287,212573.1028741438
Deaths,Global,Both,All ages,Acute hepatitis B,Number,1995,51999.641992561556,66369.38634803965,38887.97515851025
Deaths,Global,Both,All ages,Malaria,Number,1995,779333.7300675409,1427311.7233896165,387897.40919233
Deaths,Global,Both,All ages,Dengue,Number,1995,15711.914593941347,18710.42101691208,13092.484888666835
Deaths,Global,Both,All ages,Yellow fever,Number,1995,12107.14885062266,25629.26188236839,4629.927955848683
Deaths,Global,Both,All ages,Rabies,Number,1995,22026.65597918232,28549.11232364172,15752.465792620214
Deaths,Global,Both,All ages,Cervical cancer,Number,2003,233197.67625869403,245780.92894280457,219151.2153637623
Deaths,Global,Both,All ages,Measles,Number,1982,799510.278117721,1616408.4682119559,296054.5737466792
Deaths,Global,Both,All ages,Tuberculosis,Number,1990,1778868.978166431,1980801.074848038,1532821.5114543643
Deaths,Global,Both,All ages,Typhoid fever,Number,1990,189115.44052138788,318464.1727332389,92697.78102947993
Deaths,Global,Both,All ages,Meningitis,Number,1990,420141.0756353561,482318.2300392113,370817.37051327643
Deaths,Global,Both,All ages,Diphtheria,Number,1990,25446.390489407822,34380.552941335845,19391.0353339245
Deaths,Global,Both,All ages,Tetanus,Number,1990,205850.89877090958,264352.45723554096,124127.12683285441
Deaths,Global,Both,All ages,Acute hepatitis B,Number,2000,51775.43573510573,65386.18638992604,40360.2864277963
Deaths,Global,Both,All ages,Acute hepatitis B,Number,1998,51845.178048882655,66585.67048091642,40000.516854021465
Deaths,Global,Both,All ages,Acute hepatitis B,Number,2003,46862.24604202609,57932.94467474666,37912.52967061308
Deaths,Global,Both,All ages,Tuberculosis,Number,1992,1775686.7445224957,1964792.4060261045,1557604.8938334077
Deaths,Global,Both,All ages,Typhoid fever,Number,1992,184721.29718916322,313746.6810190696,91460.04775860667
Deaths,Global,Both,All ages,Meningitis,Number,1992,418261.11305450485,479905.8360626656,370556.1305421656
Deaths,Global,Both,All ages,Diphtheria,Number,1992,20843.336341149767,28316.136500261306,15693.616496921108
Deaths,Global,Both,All ages,Tetanus,Number,1992,165139.7599006398,212840.5993929931,98883.02667773918
Deaths,Global,Both,All ages,Cervical cancer,Number,1999,224975.53204556587,239784.81833030778,211691.16594129993
Deaths,Global,Both,All ages,Malaria,Number,1998,843267.4969044428,1506784.3588462519,423908.9184327208
Deaths,Global,Both,All ages,Dengue,Number,1998,18454.487826461413,21506.28089474281,15660.884802248263
Deaths,Global,Both,All ages,Yellow fever,Number,1998,10139.565934968214,21804.21016897977,3869.8448478440578
Deaths,Global,Both,All ages,Rabies,Number,1998,20401.257225224523,26514.09081917298,14556.272332074657
Deaths,Global,Both,All ages,Cervical cancer,Number,2001,226578.21834793765,239194.68104135976,213397.4031523315
Deaths,Global,Both,All ages,Acute hepatitis B,Number,1999,51991.49582094549,65443.448013692025,40343.75911911749
Deaths,Global,Both,All ages,Malaria,Number,2000,858378.0496946115,1447617.4139548603,454278.52872349136
Deaths,Global,Both,All ages,Dengue,Number,2000,17389.27740649182,20549.009293119816,14413.075469958367
Deaths,Global,Both,All ages,Yellow fever,Number,2000,10264.730076034066,22457.28237354119,3898.419394228705
Deaths,Global,Both,All ages,Rabies,Number,2000,19273.265611311315,25549.402556788253,13531.19002520488
Deaths,Global,Both,All ages,Malaria,Number,2003,908818.8264862653,1469321.3408504298,499822.8228752202
Deaths,Global,Both,All ages,Dengue,Number,2003,19072.43472031498,22402.790448222015,15654.609685451029
Deaths,Global,Both,All ages,Yellow fever,Number,2003,9538.055184580038,20692.00793037081,3532.297748422624
Deaths,Global,Both,All ages,Rabies,Number,2003,17589.741328617576,23777.7901335622,11961.925731746016
Deaths,Global,Both,All ages,Cervical cancer,Number,2004,234667.96332322896,248310.23481630825,220025.97537796808
Deaths,Global,Both,All ages,Tuberculosis,Number,1994,1756164.998458239,1939250.152006805,1546293.1315771088
Deaths,Global,Both,All ages,Typhoid fever,Number,1994,184738.83756883457,310776.84807125194,90910.85899136418
Deaths,Global,Both,All ages,Meningitis,Number,1994,411653.5643332816,471015.1893582441,364221.8859537812
Deaths,Global,Both,All ages,Diphtheria,Number,1994,19066.81082487218,25615.00817742763,14275.175825421149
Deaths,Global,Both,All ages,Tetanus,Number,1994,141963.07797988312,184958.9916181137,83100.6650408248
Deaths,Global,Both,All ages,Measles,Number,1986,751421.2578629918,1486503.425334418,266264.5182432113
Deaths,Global,Both,All ages,Acute hepatitis B,Number,2001,50891.37182801767,64344.69410305254,39758.000152430424
Deaths,Global,Both,All ages,Acute hepatitis B,Number,2004,45238.48268388288,55386.88994094725,36208.59461211848
Deaths,Global,Both,All ages,Malaria,Number,2001,877387.806498699,1433253.9060287806,490765.3211155981
Deaths,Global,Both,All ages,Dengue,Number,2001,17853.684523470984,20858.955365852347,14786.63032906766
Deaths,Global,Both,All ages,Yellow fever,Number,2001,9916.503087715746,21235.36613519389,3782.5677860594155
Deaths,Global,Both,All ages,Rabies,Number,2001,18868.35824489761,25361.47509311208,13030.644361753906
Deaths,Global,Both,All ages,Malaria,Number,1999,859187.6110633773,1489033.6667769344,442487.40747648885
Deaths,Global,Both,All ages,Dengue,Number,1999,17055.14917363121,20154.459435846566,14314.269532511173
Deaths,Global,Both,All ages,Yellow fever,Number,1999,9784.99804909238,20729.72790779392,3754.0850578099353
Deaths,Global,Both,All ages,Rabies,Number,1999,19685.145630813444,25773.82578141034,13901.113176511839
Deaths,Global,Both,All ages,Cervical cancer,Number,2006,236865.50245540694,250187.0991350669,222123.09412760873
Deaths,Global,Both,All ages,Cervical cancer,Number,2005,236119.8346364813,248905.8779785986,221623.03160085436
Deaths,Global,Both,All ages,Measles,Number,2010,203222.66283106644,431625.3552107592,73405.5579252068
Deaths,Global,Both,All ages,Measles,Number,1990,678190.3769646165,1363702.339827777,252620.39201854315
Deaths,Global,Both,All ages,Cervical cancer,Number,2007,238245.76960725244,251510.97654362966,224244.2624013092
Deaths,Global,Both,All ages,Malaria,Number,2004,917634.6721302945,1448241.224557918,507086.00091330253
Deaths,Global,Both,All ages,Dengue,Number,2004,20591.095386759418,24172.20142733153,16763.34331245793
Deaths,Global,Both,All ages,Yellow fever,Number,2004,9766.198694015719,21165.985707076612,3565.233411418625
Deaths,Global,Both,All ages,Rabies,Number,2004,17930.23982806962,24184.700180889322,12046.619090471086
Deaths,Global,Both,All ages,Cervical cancer,Number,2008,240662.72637085218,254193.21740079767,225891.6251766798
Deaths,Global,Both,All ages,Acute hepatitis B,Number,2006,44063.11201691856,53175.82535548138,34896.221028671316
Deaths,Global,Both,All ages,Acute hepatitis B,Number,2005,44340.435714255385,54335.884061430304,35631.418490229276
Deaths,Global,Both,All ages,Measles,Number,1992,644853.6945805509,1319512.3127986216,232199.16500479003
Deaths,Global,Both,All ages,Measles,Number,1988,714548.8462367727,1428669.2766156122,258318.99605379763
Deaths,Global,Both,All ages,Malaria,Number,2005,901768.667844649,1453602.878176049,489033.40437234106
Deaths,Global,Both,All ages,Dengue,Number,2005,20750.7726762016,24652.530953989844,16688.610798362635
Deaths,Global,Both,All ages,Yellow fever,Number,2005,8742.625968997976,19109.78110308977,3319.3267088116086
Deaths,Global,Both,All ages,Rabies,Number,2005,18226.37195624436,24481.12994253014,12283.801090168814
Deaths,Global,Both,All ages,Acute hepatitis B,Number,2008,43212.81925556863,53371.06944640924,33867.52878238764
Deaths,Global,Both,All ages,Malaria,Number,2006,881631.5428458846,1406673.9293013026,506833.1937358673
Deaths,Global,Both,All ages,Dengue,Number,2006,21624.9978847728,25746.650226857233,17346.567263379788
Deaths,Global,Both,All ages,Yellow fever,Number,2006,8277.763324436872,18019.95006535282,3101.6261435213996
Deaths,Global,Both,All ages,Rabies,Number,2006,17942.407793178638,24167.061000437967,12174.936169801676
Deaths,Global,Both,All ages,Tuberculosis,Number,1991,1775017.444709666,1978111.8848137269,1545828.6675129407
Deaths,Global,Both,All ages,Typhoid fever,Number,1991,185358.94139226803,308643.62213152245,90870.57954601849
Deaths,Global,Both,All ages,Meningitis,Number,1991,417552.67374542105,478294.5845182384,370200.12893979705
Deaths,Global,Both,All ages,Diphtheria,Number,1991,22787.89285705887,30630.92418355321,17356.14159482585
Deaths,Global,Both,All ages,Tetanus,Number,1991,181796.6717446626,233172.74374235934,109120.64708584649
Deaths,Global,Both,All ages,Measles,Number,1994,624623.3525148454,1253623.0496778777,226154.19023624438
Deaths,Global,Both,All ages,Tuberculosis,Number,1987,1787284.3175006197,2032981.3496150442,1505737.059757523
Deaths,Global,Both,All ages,Typhoid fever,Number,1987,198356.47554218254,337987.42600367207,97525.23197584697
Deaths,Global,Both,All ages,Meningitis,Number,1987,427012.27628313913,491171.27849834226,374681.6955696577
Deaths,Global,Both,All ages,Diphtheria,Number,1987,38040.96085064211,51510.26958191617,29040.446922674964
Deaths,Global,Both,All ages,Tetanus,Number,1987,312311.86418696307,430249.7719568912,197506.0936162788
Deaths,Global,Both,All ages,Malaria,Number,2008,878628.054202139,1385535.62310823,520551.5070343219
Deaths,Global,Both,All ages,Dengue,Number,2008,23712.576138450455,28116.03579143662,18832.10533526107
Deaths,Global,Both,All ages,Yellow fever,Number,2008,7641.798328215743,16463.14951459618,2822.4417606844318
Deaths,Global,Both,All ages,Rabies,Number,2008,16343.343640717821,21813.708661676992,11061.799597699537
Deaths,Global,Both,All ages,Malaria,Number,2007,876789.807413554,1380615.679727432,518395.1891361645
Deaths,Global,Both,All ages,Dengue,Number,2007,23328.04154590394,27618.43207726221,18736.284027292593
Deaths,Global,Both,All ages,Yellow fever,Number,2007,7956.175147449392,17524.794814015262,3053.3549371655636
Deaths,Global,Both,All ages,Rabies,Number,2007,17241.418373933597,23113.616697458336,11649.619087456556
Deaths,Global,Both,All ages,Acute hepatitis B,Number,2007,43661.04323472211,53279.40343271188,34230.57126134731
Deaths,Global,Both,All ages,Cervical cancer,Number,2009,243074.45011352014,257005.9861718788,228119.47039997557
Deaths,Global,Both,All ages,Cervical cancer,Number,2011,249854.4631579642,264869.45802390814,233684.3943611732
Deaths,Global,Both,All ages,Cervical cancer,Number,2010,246186.6234853301,259892.33318116478,231327.42737949776
Deaths,Global,Both,All ages,Acute hepatitis B,Number,2009,42733.01636203923,52805.134430320635,33648.24056640095
Deaths,Global,Both,All ages,Malaria,Number,2009,873916.0945738375,1385079.0805124745,518315.3191979893
Deaths,Global,Both,All ages,Dengue,Number,2009,25342.4905713499,30221.785959195997,20059.500065640765
Deaths,Global,Both,All ages,Yellow fever,Number,2009,7324.169857936237,16077.346738439985,2801.9877804370744
Deaths,Global,Both,All ages,Rabies,Number,2009,15385.102381494025,20877.33480752529,10396.914198057751
Deaths,Global,Both,All ages,Cervical cancer,Number,2013,258751.16614267463,275005.021613126,242248.53346730125
Deaths,Global,Both,All ages,Cervical cancer,Number,2012,254218.40076281462,271190.18257715384,237910.27070964914
Deaths,Global,Both,All ages,Tuberculosis,Number,2003,1671760.3423284504,1812314.15863136,1523754.4044026174
Deaths,Global,Both,All ages,Typhoid fever,Number,2003,158395.41330006366,261141.13509336658,77905.20085421595
Deaths,Global,Both,All ages,Meningitis,Number,2003,372468.7890342803,438123.87838114885,326923.75341964705
Deaths,Global,Both,All ages,Diphtheria,Number,2003,15425.533556615781,20584.60747663028,11523.1518317014
Deaths,Global,Both,All ages,Tetanus,Number,2003,87995.1673634228,114954.2440781398,51199.191465191165
Deaths,Global,Both,All ages,Acute hepatitis B,Number,2011,41599.903010012895,51149.873140265314,32342.591687692126
Deaths,Global,Both,All ages,Tuberculosis,Number,1995,1754173.1840104568,1940282.5964786883,1549249.5679883768
Deaths,Global,Both,All ages,Typhoid fever,Number,1995,185882.6353397539,313360.9079411101,88661.65042394087
Deaths,Global,Both,All ages,Meningitis,Number,1995,411105.1176581485,474525.6310333481,363818.20035322517
Deaths,Global,Both,All ages,Diphtheria,Number,1995,18283.512589286907,24988.25653679165,13620.586565979936
Deaths,Global,Both,All ages,Tetanus,Number,1995,132593.67215334286,172679.66159508124,77936.89129599507
Deaths,Global,Both,All ages,Tuberculosis,Number,1989,1785764.581697471,2002073.943990863,1529386.7184062572
Deaths,Global,Both,All ages,Typhoid fever,Number,1989,192685.93898505805,328607.45548476017,95658.5745845344
Deaths,Global,Both,All ages,Meningitis,Number,1989,425248.0133881009,488689.41617204115,376976.5020141696
Deaths,Global,Both,All ages,Diphtheria,Number,1989,28958.661510343103,39401.6168219076,21947.563041387635
Deaths,Global,Both,All ages,Tetanus,Number,1989,237929.62909565537,310820.6055000844,144767.47012063692
Deaths,Global,Both,All ages,Measles,Number,1987,732821.3278087262,1468512.8279507698,264025.0219328844
Deaths,Global,Both,All ages,Acute hepatitis B,Number,2010,42263.18785594106,52052.19170594139,33254.59709937209
Deaths,Global,Both,All ages,Malaria,Number,2011,821803.2666982583,1357371.0303328712,431522.99164024077
Deaths,Global,Both,All ages,Dengue,Number,2011,27516.5724599406,33257.172096216826,21331.826649085026
Deaths,Global,Both,All ages,Yellow fever,Number,2011,8907.919844850047,19655.176494824726,3436.1747938667168
Deaths,Global,Both,All ages,Rabies,Number,2011,13776.821664578001,18785.496344302795,9238.819140185255
Deaths,Global,Both,All ages,Cervical cancer,Number,2015,271388.903391837,288923.5707423882,252886.36686894964
Deaths,Global,Both,All ages,Malaria,Number,2010,866834.464698993,1412668.1420559036,469330.52661727666
Deaths,Global,Both,All ages,Dengue,Number,2010,26908.386598103498,32441.253561363206,21154.41973983003
Deaths,Global,Both,All ages,Yellow fever,Number,2010,7446.943618481838,15856.986272489687,2825.484654126767
Deaths,Global,Both,All ages,Rabies,Number,2010,14479.602774262441,19680.392946143354,9726.0653502704
Deaths,Global,Both,All ages,Acute hepatitis B,Number,2013,40643.39815126533,49855.059467870786,31678.325580287186
Deaths,Global,Both,All ages,Acute hepatitis B,Number,2012,41205.73347908153,50908.62176614668,32071.49228989814
Deaths,Global,Both,All ages,Measles,Number,1991,659142.147157909,1339789.343567874,242289.06984472452
Deaths,Global,Both,All ages,Tuberculosis,Number,2000,1733573.0339283068,1871505.2983217805,1569123.7504880847
Deaths,Global,Both,All ages,Typhoid fever,Number,2000,168817.38867659055,280325.3648105024,81786.73976281993
Deaths,Global,Both,All ages,Meningitis,Number,2000,388536.1204077451,451384.68780739576,341666.56498950673
Deaths,Global,Both,All ages,Diphtheria,Number,2000,17309.649497704613,23406.14965364044,13014.191985269083
Deaths,Global,Both,All ages,Tetanus,Number,2000,102563.07137637424,134150.91887635365,61029.623435541434
Deaths,Global,Both,All ages,Malaria,Number,2012,784192.6527923924,1312395.4667820227,384811.3224088541
Deaths,Global,Both,All ages,Dengue,Number,2012,29090.19988178571,35503.424638570454,21983.709294717817
Deaths,Global,Both,All ages,Yellow fever,Number,2012,6595.457346412768,14660.553181571422,2489.557712936909
Deaths,Global,Both,All ages,Rabies,Number,2012,13168.92277030928,17957.860620430638,8687.514831721652
Deaths,Global,Both,All ages,Malaria,Number,2013,730230.6088305087,1268888.123463006,345755.5629607532
Deaths,Global,Both,All ages,Dengue,Number,2013,29902.208667678085,36638.14118815809,22434.40084562104
Deaths,Global,Both,All ages,Yellow fever,Number,2013,6339.913938120229,13709.930824416904,2495.0991707209832
Deaths,Global,Both,All ages,Rabies,Number,2013,12567.701340463618,16988.725359769036,8300.946030674017
Deaths,Global,Both,All ages,Acute hepatitis B,Number,2015,39225.72781881782,48094.881612619705,30217.141714487192
Deaths,Global,Both,All ages,Cervical cancer,Number,2014,264845.52643199975,280508.84881504707,247400.53065893098
Deaths,Global,Both,All ages,Tuberculosis,Number,1999,1737687.3069865126,1896104.6336445564,1561663.6137004863
Deaths,Global,Both,All ages,Typhoid fever,Number,1999,171752.687758298,287315.41702489177,83597.58753762605
Deaths,Global,Both,All ages,Meningitis,Number,1999,393000.4190332201,456421.9354721761,346242.786715506
Deaths,Global,Both,All ages,Diphtheria,Number,1999,17197.040086040433,22908.383862632843,12833.256231209918
Deaths,Global,Both,All ages,Tetanus,Number,1999,106693.43764443348,139726.64763490285,63455.41001793997
Deaths,Global,Both,All ages,Tuberculosis,Number,2006,1585019.587699844,1710809.6447134253,1449315.3041679857
Deaths,Global,Both,All ages,Typhoid fever,Number,2006,149494.97130510592,247247.6333330583,73932.98832498993
Deaths,Global,Both,All ages,Meningitis,Number,2006,358848.721890165,427969.7829623172,317047.5186208753
Deaths,Global,Both,All ages,Diphtheria,Number,2006,12355.629483874409,16444.203165650608,9393.826474335317
Deaths,Global,Both,All ages,Tetanus,Number,2006,72363.29587780418,95012.15288655966,43296.74420711195
Deaths,Global,Both,All ages,Tuberculosis,Number,1998,1770387.838100313,1932569.6470777255,1587388.032100507
Deaths,Global,Both,All ages,Typhoid fever,Number,1998,173598.12792266376,291036.7589059665,83238.46442890391
Deaths,Global,Both,All ages,Meningitis,Number,1998,395593.32902357157,456169.2380640443,347089.12605021073
Deaths,Global,Both,All ages,Diphtheria,Number,1998,17118.72274233873,23125.949179024858,12524.593052368622
Deaths,Global,Both,All ages,Tetanus,Number,1998,110878.92473639494,144813.3348182201,65780.92661701128
Deaths,Global,Both,All ages,Cervical cancer,Number,2016,278212.8585738433,297984.4665463343,260264.85022171534
Deaths,Global,Both,All ages,Malaria,Number,2015,715581.9454152593,1315220.0524636605,320920.6931032265
Deaths,Global,Both,All ages,Dengue,Number,2015,30469.04265169609,38102.49969433907,21961.61889047651
Deaths,Global,Both,All ages,Yellow fever,Number,2015,5794.916977119196,12523.13098149276,2277.253339946376
Deaths,Global,Both,All ages,Rabies,Number,2015,11752.406410628666,15690.805014562742,7603.845833592066
Deaths,Global,Both,All ages,Acute hepatitis B,Number,2014,39848.15199955051,48604.71133978561,30833.238925308735
Deaths,Global,Both,All ages,Tuberculosis,Number,2004,1626485.5978949594,1770288.6412230388,1478220.2453552072
Deaths,Global,Both,All ages,Typhoid fever,Number,2004,154765.54025356556,256182.47310189359,76086.28526027447
Deaths,Global,Both,All ages,Meningitis,Number,2004,366797.469718302,433195.58801150304,323818.04943836824
Deaths,Global,Both,All ages,Diphtheria,Number,2004,14353.784763752034,19618.72470090213,10897.623788955085
Deaths,Global,Both,All ages,Tetanus,Number,2004,83060.51863332409,108687.90020177238,49040.1106883575
Deaths,Global,Both,All ages,Tuberculosis,Number,2001,1716155.524369259,1859729.1226544443,1547878.3317606645
Deaths,Global,Both,All ages,Typhoid fever,Number,2001,164395.61443688726,275926.58780502935,80408.58580395981
Deaths,Global,Both,All ages,Meningitis,Number,2001,382965.4682837529,449640.28106601315,335821.21088744386
Deaths,Global,Both,All ages,Diphtheria,Number,2001,17013.852265327332,23018.678181460175,12572.535489519989
Deaths,Global,Both,All ages,Tetanus,Number,2001,97642.66726902597,127531.71267356421,57664.61930035696
Deaths,Global,Both,All ages,Cervical cancer,Number,2018,287922.01092235453,307723.4294010527,267383.4897947119
Deaths,Global,Both,All ages,Acute hepatitis B,Number,2016,38668.40211171291,46815.76905899295,29445.925090187142
Deaths,Global,Both,All ages,Tuberculosis,Number,2005,1612717.9479416574,1740458.8154773964,1470574.2008702813
Deaths,Global,Both,All ages,Typhoid fever,Number,2005,151434.94164032908,257099.24009448808,74114.98484864074
Deaths,Global,Both,All ages,Meningitis,Number,2005,362919.3918262588,430066.84117123083,319829.332827476
Deaths,Global,Both,All ages,Diphtheria,Number,2005,13187.806638864227,17585.13141684906,9713.916948106888
Deaths,Global,Both,All ages,Tetanus,Number,2005,77773.42858737746,101879.80747086291,45812.51386907417
Deaths,Global,Both,All ages,Malaria,Number,2014,720940.4964355575,1283152.0029543687,345993.4807778108
Deaths,Global,Both,All ages,Dengue,Number,2014,30455.497810357338,37478.413946669316,22422.581154074524
Deaths,Global,Both,All ages,Yellow fever,Number,2014,6060.1554651953475,13045.510743694378,2274.3164729803493
Deaths,Global,Both,All ages,Rabies,Number,2014,12137.50745568614,16211.650043394247,7875.279446266614
Deaths,Global,Both,All ages,Cervical cancer,Number,2017,283428.83454258577,304737.5941668559,264807.0001925569
Deaths,Global,Both,All ages,Measles,Number,2003,415185.5674085526,853606.8972639823,153832.11321547613
Deaths,Global,Both,All ages,Tuberculosis,Number,2007,1546823.0899314012,1659801.495816576,1414756.176213566
Deaths,Global,Both,All ages,Typhoid fever,Number,2007,147570.16767625193,243890.8523538881,72235.71881832228
Deaths,Global,Both,All ages,Meningitis,Number,2007,353296.1330950628,416343.41131564695,312752.64348759945
Deaths,Global,Both,All ages,Diphtheria,Number,2007,11382.762054117873,15161.42367473377,8667.371353107645
Deaths,Global,Both,All ages,Tetanus,Number,2007,66414.38077816753,87891.15489540277,39654.240682752235
Deaths,Global,Both,All ages,Malaria,Number,2016,691767.32711021,1318823.8934065038,288531.9696030998
Deaths,Global,Both,All ages,Dengue,Number,2016,30077.504692445073,37810.08068917222,21002.46274809863
Deaths,Global,Both,All ages,Yellow fever,Number,2016,6734.997644726297,15052.58470974191,2564.5923540969675
Deaths,Global,Both,All ages,Rabies,Number,2016,11363.049391850594,15314.829142851886,7262.487848232987
Deaths,Global,Both,All ages,Acute hepatitis B,Number,2018,37929.37026609183,46003.842770697316,28350.305654663825
Deaths,Global,Both,All ages,Cervical cancer,Number,2019,290948.9262524112,312279.1406028612,268729.9538368656
Deaths,Global,Both,All ages,Measles,Number,1989,697239.6981033457,1386672.607518141,257960.4567033825
Deaths,Global,Both,All ages,Measles,Number,1995,616643.8017280719,1251954.807708834,221029.44333057938
Deaths,Global,Both,All ages,Cervical cancer,Number,1996,220228.8020489404,235055.13900928662,207093.64961568598
Deaths,Global,Both,All ages,Tuberculosis,Number,2010,1428027.52219322,1536562.2377847745,1325085.3470157736
Deaths,Global,Both,All ages,Typhoid fever,Number,2010,138921.1139509699,234515.99100660358,68729.77197608829
Deaths,Global,Both,All ages,Meningitis,Number,2010,324166.41684687213,385917.585784229,282024.6573621166
Deaths,Global,Both,All ages,Diphtheria,Number,2010,8638.067664075832,11672.605602915442,6498.756331624368
Deaths,Global,Both,All ages,Tetanus,Number,2010,48439.44211304459,65194.71521406396,28196.914110032805
Deaths,Global,Both,All ages,Measles,Number,2000,524828.930428951,1073969.9620739543,191315.4951526134
Deaths,Global,Both,All ages,Malaria,Number,2018,672835.5588442215,1339956.5404989084,262418.85295631975
Deaths,Global,Both,All ages,Dengue,Number,2018,30391.722739680717,38907.64057295398,20065.86186989277
Deaths,Global,Both,All ages,Yellow fever,Number,2018,5633.342628541667,12151.484039607018,2209.863820813833
Deaths,Global,Both,All ages,Rabies,Number,2018,10848.731806472702,14754.601218649623,6719.027645621925
Deaths,Global,Both,All ages,Cervical cancer,Number,2021,296667.2419142357,321905.71690746455,272058.62282246683
Deaths,Global,Both,All ages,Acute hepatitis B,Number,2017,38285.45442914819,46829.86842841707,28809.45975312041
Deaths,Global,Both,All ages,Acute hepatitis B,Number,2019,37621.9911378557,46468.94996739235,27751.25005861801
Deaths,Global,Both,All ages,Tuberculosis,Number,2008,1518916.5252764923,1631289.3631487049,1395287.9596202865
Deaths,Global,Both,All ages,Typhoid fever,Number,2008,144497.46428483998,240192.1725560073,72187.8430049925
Deaths,Global,Both,All ages,Meningitis,Number,2008,342551.27142138197,402313.0823661723,302377.38478578016
Deaths,Global,Both,All ages,Diphtheria,Number,2008,10379.040597847054,14016.096976017212,7895.639925055705
Deaths,Global,Both,All ages,Tetanus,Number,2008,60506.24275425786,80215.50279931318,36081.416610986
Deaths,Global,Both,All ages,Tuberculosis,Number,2009,1467795.416798308,1575250.7354354819,1357904.2634361777
Deaths,Global,Both,All ages,Typhoid fever,Number,2009,141708.55218252263,235892.8922488294,69917.8150164933
Deaths,Global,Both,All ages,Meningitis,Number,2009,335402.75438544934,396137.6445459384,294070.2595073021
Deaths,Global,Both,All ages,Diphtheria,Number,2009,9397.489759040684,12646.151879022187,7215.618942430054
Deaths,Global,Both,All ages,Tetanus,Number,2009,54067.01812081815,72422.1973873513,32042.776634663278
Deaths,Global,Both,All ages,Malaria,Number,2017,672611.9183002806,1311472.2465077243,262193.58788054035
Deaths,Global,Both,All ages,Dengue,Number,2017,31897.445801792615,39882.48514026542,22272.50673148415
Deaths,Global,Both,All ages,Yellow fever,Number,2017,5753.956324110636,12534.511730907981,2279.1949735099347
Deaths,Global,Both,All ages,Rabies,Number,2017,11162.984055194358,15261.705342160287,6982.341491979347
Deaths,Global,Both,All ages,Cervical cancer,Number,1993,216286.20684767413,233266.45222583823,200821.08733022763
Deaths,Global,Both,All ages,Measles,Number,1999,553228.1654340671,1122087.166251651,202592.34627017725
Deaths,Global,Both,All ages,Malaria,Number,2019,667860.7737222211,1307147.177064183,266329.07333067287
Deaths,Global,Both,All ages,Dengue,Number,2019,31213.70790137286,40567.1698363281,20366.909057710756
Deaths,Global,Both,All ages,Yellow fever,Number,2019,4870.804569406403,10548.574031012033,1922.9964952201688
Deaths,Global,Both,All ages,Rabies,Number,2019,10561.73277697425,14464.409812284921,6508.318446890991
Deaths,Global,Both,All ages,Acute hepatitis B,Number,1996,51833.408318998714,66386.72761721954,39646.89391476404
Deaths,Global,Both,All ages,Cervical cancer,Number,2002,229504.77393181145,243141.5847253371,215052.26466983272
Deaths,Global,Both,All ages,Measles,Number,2006,273594.16443202435,571860.1947632548,97162.60690609811
Deaths,Global,Both,All ages,Measles,Number,1998,577441.6087292494,1173556.7595901336,211770.0003840969
Deaths,Global,Both,All ages,Tuberculosis,Number,2012,1366247.3853888176,1461765.94304579,1275876.6338258714
Deaths,Global,Both,All ages,Typhoid fever,Number,2012,127425.69676474071,213882.30957791803,61896.825896157716
Deaths,Global,Both,All ages,Meningitis,Number,2012,306573.2870008368,362797.1542283543,265189.28442980367
Deaths,Global,Both,All ages,Diphtheria,Number,2012,7804.157516862551,10602.035086000546,5721.043615260095
Deaths,Global,Both,All ages,Tetanus,Number,2012,41316.722158918674,55798.783622484574,23674.437348363826
Deaths,Global,Both,All ages,Acute hepatitis B,Number,2021,36025.28294874764,44620.842542353086,26239.409555570037
Deaths,Global,Both,All ages,Acute hepatitis B,Number,2002,48960.52323438308,60822.64790688898,39058.20819660994
Deaths,Global,Both,All ages,Malaria,Number,1996,795245.2836665838,1457511.5962882335,388659.54065791704
Deaths,Global,Both,All ages,Dengue,Number,1996,16536.66458182689,19745.039013989976,13914.558856230811
Deaths,Global,Both,All ages,Yellow fever,Number,1996,10910.635709548005,24017.44632362033,4167.662336063095
Deaths,Global,Both,All ages,Rabies,Number,1996,21546.312637037543,27735.476089301104,15391.499638566882
Deaths,Global,Both,All ages,Acute hepatitis B,Number,1993,52009.52898410595,66885.37833234975,37925.152894887055
Deaths,Global,Both,All ages,Measles,Number,2004,372548.21236256504,758786.9837333291,138000.2348995283
Deaths,Global,Both,All ages,Tuberculosis,Number,2016,1265876.3147152015,1354732.101893115,1173540.817514798
Deaths,Global,Both,All ages,Typhoid fever,Number,2016,115183.08131720782,194112.83867565962,56706.675832568304
Deaths,Global,Both,All ages,Meningitis,Number,2016,263001.8175818581,313729.7550530593,217787.30208136362
Deaths,Global,Both,All ages,Diphtheria,Number,2016,6872.2941462104955,9390.514839911402,4910.0887697917615
Deaths,Global,Both,All ages,Tetanus,Number,2016,31158.456906204094,43570.75005866389,16177.792943872719
Deaths,Global,Both,All ages,Measles,Number,2001,494408.86536475306,1021027.5782424421,177836.65244816596
Deaths,Global,Both,All ages,Measles,Number,2005,330462.57527479704,679741.3190022236,119142.31075077249
Deaths,Global,Both,All ages,Tuberculosis,Number,2011,1397925.6010652273,1503168.7329723116,1294822.2339715278
Deaths,Global,Both,All ages,Typhoid fever,Number,2011,132929.17395247024,223194.21845399454,65401.84907165976
Deaths,Global,Both,All ages,Meningitis,Number,2011,315345.0637305554,372293.4055935176,274992.58613009116
Deaths,Global,Both,All ages,Diphtheria,Number,2011,8027.651433013278,10611.16499041861,5935.398070014857
Deaths,Global,Both,All ages,Tetanus,Number,2011,44309.56382345887,59517.11092540111,26058.494819317333
Deaths,Global,Both,All ages,Tuberculosis,Number,2015,1288262.1657009814,1379191.1735592068,1195190.4575058408
Deaths,Global,Both,All ages,Typhoid fever,Number,2015,115680.88774150681,198424.31434128806,58565.91051105317
Deaths,Global,Both,All ages,Meningitis,Number,2015,274555.9454815503,329844.47816760844,230034.9864923635
Deaths,Global,Both,All ages,Diphtheria,Number,2015,7254.6300923904255,10227.716291250697,5245.491082713166
Deaths,Global,Both,All ages,Tetanus,Number,2015,33541.08695939384,45905.22999824623,18036.44121011268
Deaths,Global,Both,All ages,Tuberculosis,Number,2013,1349391.3606834996,1436673.7614776283,1263249.5175957195
Deaths,Global,Both,All ages,Typhoid fever,Number,2013,125723.77505502697,208299.0186339887,62595.64121240579
Deaths,Global,Both,All ages,Meningitis,Number,2013,299426.1767653832,353720.08268062316,257298.06624954398
Deaths,Global,Both,All ages,Diphtheria,Number,2013,7672.154035456607,10441.287000560007,5724.00382723418
Deaths,Global,Both,All ages,Tetanus,Number,2013,38551.113096070985,51546.065964528185,21888.208541134547
Deaths,Global,Both,All ages,Cervical cancer,Number,2020,293057.3535494914,317126.20734412596,270105.20943310193
Deaths,Global,Both,All ages,Malaria,Number,2021,748131.2444025845,1536034.8901330386,267703.3128384155
Deaths,Global,Both,All ages,Dengue,Number,2021,29075.965615825524,38980.48719657974,17627.53317258741
Deaths,Global,Both,All ages,Yellow fever,Number,2021,4601.911183119873,10002.378531545362,1756.9809712880171
Deaths,Global,Both,All ages,Rabies,Number,2021,10084.207728480995,14171.857352074552,6016.00011960151
Deaths,Global,Both,All ages,Tuberculosis,Number,2017,1245687.2954124033,1346056.2763199257,1154546.1006501107
Deaths,Global,Both,All ages,Typhoid fever,Number,2017,113105.82241234079,193694.15335916023,55645.838148447634
Deaths,Global,Both,All ages,Meningitis,Number,2017,252078.48143724524,301901.0395129293,207052.63830314172
Deaths,Global,Both,All ages,Diphtheria,Number,2017,6227.237683968076,8551.64854952157,4423.479285691925
Deaths,Global,Both,All ages,Tetanus,Number,2017,28927.969237119403,40916.42704333641,14433.625143774883
Deaths,Global,Both,All ages,Tuberculosis,Number,2014,1318746.538127594,1407546.5383355254,1229717.611125211
Deaths,Global,Both,All ages,Typhoid fever,Number,2014,120385.94247312748,203515.8156392974,60334.941884252665
Deaths,Global,Both,All ages,Meningitis,Number,2014,289330.5648740591,343818.386093509,245579.06142189776
Deaths,Global,Both,All ages,Diphtheria,Number,2014,7561.913653472296,10341.05817445206,5442.241962440534
Deaths,Global,Both,All ages,Tetanus,Number,2014,35904.76715226533,48752.63762445008,19973.11020959661
Deaths,Global,Both,All ages,Malaria,Number,1993,756930.8780114213,1431328.0672378142,371561.550202882
Deaths,Global,Both,All ages,Dengue,Number,1993,15118.877004346408,18393.18197632384,12207.257784760233
Deaths,Global,Both,All ages,Yellow fever,Number,1993,11373.329441829657,24659.096900431676,4253.288882714556
Deaths,Global,Both,All ages,Rabies,Number,1993,21825.20816058183,28530.108848944674,15558.225716618734
Deaths,Global,Both,All ages,Measles,Number,2007,237334.6512297427,490538.8221796842,85744.29775225357
Deaths,Global,Both,All ages,Malaria,Number,2002,887306.7890415424,1442661.2050486084,496955.8323514364
Deaths,Global,Both,All ages,Dengue,Number,2002,18422.2951747984,21410.755859867873,15002.3546653619
Deaths,Global,Both,All ages,Yellow fever,Number,2002,9439.005869642413,20060.756600074405,3564.0018785829275
Deaths,Global,Both,All ages,Rabies,Number,2002,17971.835809749795,24293.709581346036,12316.504880422919
Deaths,Global,Both,All ages,Tuberculosis,Number,2018,1225961.161890942,1334407.1447744088,1126978.2390859055
Deaths,Global,Both,All ages,Typhoid fever,Number,2018,107795.15051322411,182193.338958332,53535.39452830744
Deaths,Global,Both,All ages,Meningitis,Number,2018,240506.60438367035,291001.5261951422,197959.2359958909
Deaths,Global,Both,All ages,Diphtheria,Number,2018,5677.528248576293,7862.513808243562,3920.583146140409
Deaths,Global,Both,All ages,Tetanus,Number,2018,26751.10816537758,38394.2006303666,12966.497978236399
Deaths,Global,Both,All ages,Measles,Number,2009,204117.62281937103,425104.97012113896,72544.07811489081
Deaths,Global,Both,All ages,Tuberculosis,Number,2019,1199201.5614319197,1329182.5760508517,1109732.8357628058
Deaths,Global,Both,All ages,Typhoid fever,Number,2019,105402.4978628942,175778.8848088683,52800.97369557036
Deaths,Global,Both,All ages,Meningitis,Number,2019,231711.96881095966,282071.9427557258,191440.40459174456
Deaths,Global,Both,All ages,Diphtheria,Number,2019,5123.162266770612,6943.55990911895,3587.0099283781233
Deaths,Global,Both,All ages,Tetanus,Number,2019,24779.498028816033,36513.75892809371,11540.927204293943
Deaths,Global,Both,All ages,Measles,Number,2008,216139.4907896385,453211.6143894958,77054.2995180284
Deaths,Global,Both,All ages,Acute hepatitis B,Number,2020,36646.12932205033,45461.292923272624,26866.8240171434
Deaths,Global,Both,All ages,Measles,Number,2012,190069.92308438313,407145.6312144157,66323.1250293672
Deaths,Global,Both,All ages,Malaria,Number,2020,747416.287155353,1574751.36441287,255039.96675104243
Deaths,Global,Both,All ages,Dengue,Number,2020,29464.3320960313,39485.84635626754,18375.82794253803
Deaths,Global,Both,All ages,Yellow fever,Number,2020,4664.8254579349905,10130.106491949382,1822.3839911232976
Deaths,Global,Both,All ages,Rabies,Number,2020,10249.865892616099,14249.861070938896,6197.837085495696
Deaths,Global,Both,All ages,Measles,Number,2016,113620.82258644389,241211.486793421,39338.31200772704
Deaths,Global,Both,All ages,Measles,Number,2017,108660.35188427579,231141.3979753048,37933.29837405099
Deaths,Global,Both,All ages,Tuberculosis,Number,1996,1755805.8156416244,1929803.144507807,1560230.5844806128
Deaths,Global,Both,All ages,Typhoid fever,Number,1996,183247.02720223874,309401.7856199652,88193.69179217011
Deaths,Global,Both,All ages,Meningitis,Number,1996,420004.1203127473,477646.64581308205,371183.1242149043
Deaths,Global,Both,All ages,Diphtheria,Number,1996,17450.94982314801,23459.515329686932,12937.132419356969
Deaths,Global,Both,All ages,Tetanus,Number,1996,123634.18613075263,162008.6381706698,73072.09595690892
Deaths,Global,Both,All ages,Measles,Number,2011,205546.87569727984,436203.55523839156,74465.68704007156
Deaths,Global,Both,All ages,Tuberculosis,Number,2021,1162795.8919709644,1313985.0465696654,1050008.015724133
Deaths,Global,Both,All ages,Typhoid fever,Number,2021,93332.57070927697,158180.67934967758,46256.56215636472
Deaths,Global,Both,All ages,Meningitis,Number,2021,213962.05365606284,265664.4207892214,175653.35931265468
Deaths,Global,Both,All ages,Diphtheria,Number,2021,3824.742962615927,5393.77269139683,2610.2675269508645
Deaths,Global,Both,All ages,Tetanus,Number,2021,21228.662659309502,32682.338547815583,9550.987138319773
Deaths,Global,Both,All ages,Measles,Number,2015,131309.61327829803,279708.0697750078,45747.151854896634
Deaths,Global,Both,All ages,Measles,Number,2013,164874.09283620285,351325.1918905248,57173.54635947147
Deaths,Global,Both,All ages,Measles,Number,2014,143876.23983562287,308822.74073565594,49454.65308665433
Deaths,Global,Both,All ages,Tuberculosis,Number,2002,1697427.0903832747,1838272.2549701051,1532139.474518627
Deaths,Global,Both,All ages,Typhoid fever,Number,2002,161771.27228029148,270407.43747019424,78753.46717872354
Deaths,Global,Both,All ages,Meningitis,Number,2002,374858.3231334664,442209.8717005702,330071.4986558249
Deaths,Global,Both,All ages,Diphtheria,Number,2002,16244.98655564177,21440.085705123736,12087.931222472724
Deaths,Global,Both,All ages,Tetanus,Number,2002,92386.80102989468,119491.68159946312,53640.19578944417
Deaths,Global,Both,All ages,Tuberculosis,Number,1993,1762801.8849113842,1952915.6196283137,1548157.742472616
Deaths,Global,Both,All ages,Typhoid fever,Number,1993,184004.40339977466,309449.8923772751,90203.422375307
Deaths,Global,Both,All ages,Meningitis,Number,1993,415705.55491913826,477298.948674499,368137.86442018946
Deaths,Global,Both,All ages,Diphtheria,Number,1993,19653.751471720778,26296.790698816512,14727.61441375728
Deaths,Global,Both,All ages,Tetanus,Number,1993,152132.1071089073,197650.829009602,90759.0905633171
Deaths,Global,Both,All ages,Measles,Number,2019,94424.05120326557,197877.0469558332,35696.605138026665
Deaths,Global,Both,All ages,Tuberculosis,Number,2020,1177979.4663522616,1314556.4320801408,1078542.4848567585
Deaths,Global,Both,All ages,Typhoid fever,Number,2020,98991.84347106512,167431.90202037475,49376.06037463551
Deaths,Global,Both,All ages,Meningitis,Number,2020,221739.74932239097,275832.8344550445,181257.7374997444
Deaths,Global,Both,All ages,Diphtheria,Number,2020,4459.414404767417,6199.062028308774,3056.733541851795
Deaths,Global,Both,All ages,Tetanus,Number,2020,22792.45701250991,34557.37969476091,10380.552458207063
Deaths,Global,Both,All ages,Measles,Number,2018,99893.3562881201,207722.59078113784,35653.9283634546
Deaths,Global,Both,All ages,Measles,Number,2021,56049.274448784316,87053.75409689858,32379.6714527491
Deaths,Global,Both,All ages,Measles,Number,1996,605261.84267124,1240917.3460455318,220147.38736636672
Deaths,Global,Both,All ages,Measles,Number,2002,451994.16446456383,931624.7859084964,165975.18023476057
Deaths,Global,Both,All ages,Measles,Number,1993,633510.0414620963,1275813.3649512082,226427.0783066931
Deaths,Global,Both,All ages,Measles,Number,2020,69388.26268899218,112088.94728019656,38406.92659743564
